,State,County,num_hospitals,num_acute_care_hospitals,avg_acute_care_rating
0,AK,ANCHORAGE,3,3,3.3333333333333335
1,AK,BETHEL,1,1,3.0
2,AK,FAIRBANKS NORTH STAR,1,1,4.0
3,AK,JUNEAU,1,1,3.0
4,AK,MATANUSKA SUSITNA,1,1,2.0
5,AL,AUTAUGA,1,1,4.0
6,AL,BALDWIN,3,3,2.6666666666666665
7,AL,BARBOUR,1,1,4.0
8,AL,BIBB,1,1,3.0
9,AL,BULLOCK,1,1,3.0
10,AL,BUTLER,2,2,3.5
11,AL,CALHOUN,3,3,2.6666666666666665
12,AL,CHEROKEE,1,1,4.0
13,AL,CLARKE,2,2,3.0
14,AL,CLAY,1,1,4.0
15,AL,COFFEE,1,1,2.0
16,AL,COLBERT,2,2,2.5
17,AL,CONECUH,1,1,3.0
18,AL,COVINGTON,2,2,2.5
19,AL,CRENSHAW,1,1,4.0
20,AL,CULLMAN,1,1,2.0
21,AL,DALE,1,1,4.0
22,AL,DALLAS,1,1,3.0
23,AL,DE KALB,1,1,3.0
24,AL,ELMORE,2,2,4.0
25,AL,ESCAMBIA,2,2,3.0
26,AL,ETOWAH,2,2,2.5
27,AL,FAYETTE,1,1,4.0
28,AL,FRANKLIN,2,1,4.0
29,AL,GENEVA,1,1,3.0
30,AL,GREENE,1,1,3.0
31,AL,HALE,1,1,3.0
32,AL,HOUSTON,2,2,3.5
33,AL,JACKSON,1,1,3.0
34,AL,JEFFERSON,9,7,2.7142857142857144
35,AL,LAUDERDALE,1,1,2.0
36,AL,LAWRENCE,1,1,4.0
37,AL,LEE,1,1,3.0
38,AL,LIMESTONE,2,1,2.0
39,AL,MADISON,2,2,2.0
40,AL,MARENGO,1,1,2.0
41,AL,MARION,2,2,4.0
42,AL,MARSHALL,1,1,2.0
43,AL,MOBILE,5,4,2.0
44,AL,MONROE,1,1,3.0
45,AL,MONTGOMERY,3,3,3.0
46,AL,MORGAN,1,1,2.0
47,AL,PICKENS,1,1,3.0
48,AL,PIKE,1,1,2.0
49,AL,RANDOLPH,1,1,4.0
50,AL,RUSSELL,1,1,4.0
51,AL,SAINT CLAIR,1,1,4.0
52,AL,SHELBY,1,1,3.0
53,AL,TALLADEGA,2,2,2.5
54,AL,TALLAPOOSA,2,2,3.0
55,AL,TUSCALOOSA,1,1,2.0
56,AL,WALKER,1,1,4.0
57,AL,WINSTON,1,1,5.0
58,AR,ARKANSAS,2,1,4.0
59,AR,BAXTER,1,1,2.0
60,AR,BENTON,3,2,3.5
61,AR,BOONE,1,1,4.0
62,AR,COLUMBIA,1,1,3.0
63,AR,CRAIGHEAD,2,2,2.0
64,AR,CRAWFORD,1,1,3.0
65,AR,DREW,1,1,3.0
66,AR,FAULKNER,2,1,2.0
67,AR,GARLAND,3,2,1.5
68,AR,GREENE,1,1,1.0
69,AR,HEMPSTEAD,1,1,3.0
70,AR,HOT SPRING,1,1,4.0
71,AR,INDEPENDENCE,1,1,4.0
72,AR,JEFFERSON,1,1,1.0
73,AR,JOHNSON,1,1,3.0
74,AR,MISSISSIPPI,2,1,1.0
75,AR,OUACHITA,1,1,3.0
76,AR,PHILLIPS,1,1,2.0
77,AR,POLK,1,1,3.0
78,AR,POPE,1,1,2.0
79,AR,PULASKI,9,8,2.125
80,AR,RANDOLPH,1,1,4.0
81,AR,SAINT FRANCIS,1,1,2.0
82,AR,SALINE,1,1,2.0
83,AR,SEBASTIAN,2,2,2.5
84,AR,UNION,1,1,2.0
85,AR,WASHINGTON,3,2,2.5
86,AR,WHITE,1,1,3.0
87,AR,YELL,2,1,4.0
88,AZ,APACHE,4,2,2.0
89,AZ,COCHISE,4,1,1.0
90,AZ,COCONINO,3,2,3.0
91,AZ,GILA,3,1,4.0
92,AZ,GRAHAM,1,1,3.0
93,AZ,MARICOPA,35,26,3.3846153846153846
94,AZ,MOHAVE,4,4,2.25
95,AZ,NAVAJO,4,1,5.0
96,AZ,PIMA,9,8,2.5
97,AZ,PINAL,5,3,3.3333333333333335
98,AZ,YAVAPAI,2,2,4.0
99,AZ,YUMA,1,1,3.0
100,CA,ALAMEDA,13,11,3.0
101,CA,AMADOR,1,1,2.0
102,CA,BUTTE,4,3,3.0
103,CA,CONTRA COSTA,7,7,3.5714285714285716
104,CA,DEL NORTE,1,1,3.0
105,CA,EL DORADO,2,2,4.0
106,CA,FRESNO,8,5,2.2
107,CA,HUMBOLDT,4,2,2.5
108,CA,IMPERIAL,2,2,2.0
109,CA,KERN,10,7,1.8571428571428572
110,CA,KINGS,1,1,2.0
111,CA,LOS ANGELES,82,73,2.863013698630137
112,CA,MADERA,1,1,2.0
113,CA,MARIN,3,2,4.0
114,CA,MENDOCINO,3,1,2.0
115,CA,MERCED,2,2,2.0
116,CA,MONTEREY,4,4,3.25
117,CA,NAPA,2,2,4.0
118,CA,NEVADA,2,1,3.0
119,CA,ORANGE,27,20,2.9
120,CA,PLACER,3,3,4.0
121,CA,RIVERSIDE,16,16,2.25
122,CA,SACRAMENTO,9,8,2.875
123,CA,SAN BENITO,1,1,2.0
124,CA,SAN BERNARDINO,18,15,2.4
125,CA,SAN DIEGO,16,15,3.3333333333333335
126,CA,SAN FRANCISCO,10,9,3.3333333333333335
127,CA,SAN JOAQUIN,7,7,2.4285714285714284
128,CA,SAN LUIS OBISPO,3,3,3.3333333333333335
129,CA,SAN MATEO,7,6,4.166666666666667
130,CA,SANTA BARBARA,5,4,3.75
131,CA,SANTA CLARA,10,9,2.7777777777777777
132,CA,SANTA CRUZ,3,3,3.3333333333333335
133,CA,SHASTA,4,2,3.0
134,CA,SOLANO,4,4,3.0
135,CA,SONOMA,8,5,3.8
136,CA,STANISLAUS,5,5,2.8
137,CA,TEHAMA,1,1,3.0
138,CA,TULARE,4,3,1.6666666666666667
139,CA,TUOLUMNE,1,1,2.0
140,CA,VENTURA,7,6,2.3333333333333335
141,CA,YOLO,2,2,3.0
142,CA,YUBA,1,1,1.0
143,CO,ADAMS,5,3,3.6666666666666665
144,CO,ALAMOSA,1,1,4.0
145,CO,ARAPAHOE,3,3,4.333333333333333
146,CO,BOULDER,4,4,3.75
147,CO,BROOMFIELD,1,1,3.0
148,CO,DELTA,1,1,4.0
149,CO,DENVER,6,5,3.6
150,CO,DOUGLAS,3,3,4.0
151,CO,EAGLE,1,1,4.0
152,CO,EL PASO,2,2,3.0
153,CO,FREMONT,1,1,3.0
154,CO,GARFIELD,2,1,4.0
155,CO,JEFFERSON,3,2,3.5
156,CO,LA PLATA,2,1,5.0
157,CO,LARIMER,5,3,4.333333333333333
158,CO,LOGAN,1,1,4.0
159,CO,MESA,3,2,3.5
160,CO,MONTROSE,1,1,4.0
161,CO,MORGAN,2,1,4.0
162,CO,PUEBLO,2,2,3.5
163,CO,ROUTT,1,1,4.0
164,CO,SUMMIT,1,1,4.0
165,CO,WELD,1,1,4.0
166,CT,FAIRFIELD,6,6,2.3333333333333335
167,CT,HARTFORD,8,6,2.6666666666666665
168,CT,LITCHFIELD,2,2,2.5
169,CT,MIDDLESEX,1,1,4.0
170,CT,NEW HAVEN,8,7,2.5714285714285716
171,CT,NEW LONDON,2,2,4.0
172,CT,TOLLAND,2,2,4.0
173,CT,WINDHAM,2,2,4.0
174,DC,DISTRICT OF COLUMBIA,8,7,1.7142857142857142
175,DE,KENT,1,1,3.0
176,DE,NEW CASTLE,3,2,4.5
177,DE,SUSSEX,3,3,3.6666666666666665
178,FL,ALACHUA,2,2,2.5
179,FL,BAY,2,2,3.0
180,FL,BREVARD,7,7,3.142857142857143
181,FL,BROWARD,14,14,2.5714285714285716
182,FL,CHARLOTTE,3,3,1.0
183,FL,CITRUS,2,2,1.0
184,FL,CLAY,2,2,3.0
185,FL,COLLIER,2,2,3.5
186,FL,COLUMBIA,2,2,3.5
187,FL,DE SOTO,1,1,3.0
188,FL,DUVAL,7,7,2.7142857142857144
189,FL,ESCAMBIA,3,3,3.6666666666666665
190,FL,FLAGLER,1,1,2.0
191,FL,GULF,1,1,4.0
192,FL,HERNANDO,2,2,2.0
193,FL,HIGHLANDS,2,2,2.5
194,FL,HILLSBOROUGH,10,9,2.3333333333333335
195,FL,INDIAN RIVER,2,2,2.0
196,FL,JACKSON,1,1,2.0
197,FL,LAKE,3,3,2.6666666666666665
198,FL,LEE,4,4,1.75
199,FL,LEON,2,2,3.0
200,FL,MANATEE,3,3,1.6666666666666667
201,FL,MARION,2,2,1.5
202,FL,MARTIN,1,1,2.0
203,FL,MIAMI-DADE,21,17,2.1176470588235294
204,FL,MONROE,3,1,2.0
205,FL,NASSAU,1,1,4.0
206,FL,OKALOOSA,3,3,3.6666666666666665
207,FL,OKEECHOBEE,1,1,2.0
208,FL,ORANGE,4,3,3.0
209,FL,OSCEOLA,3,3,2.3333333333333335
210,FL,PALM BEACH,12,12,2.0
211,FL,PASCO,6,6,2.3333333333333335
212,FL,PINELLAS,11,10,2.2
213,FL,POLK,5,5,1.4
214,FL,PUTNAM,1,1,2.0
215,FL,SAINT JOHNS,1,1,2.0
216,FL,SAINT LUCIE,2,2,1.0
217,FL,SANTA ROSA,3,3,4.0
218,FL,SARASOTA,4,4,4.0
219,FL,SEMINOLE,2,1,2.0
220,FL,SUMTER,1,1,2.0
221,FL,TAYLOR,1,1,3.0
222,FL,VOLUSIA,5,5,2.2
223,FL,WALTON,2,2,3.0
224,GA,APPLING,1,1,3.0
225,GA,BALDWIN,1,1,4.0
226,GA,BARROW,1,1,3.0
227,GA,BARTOW,1,1,2.0
228,GA,BEN HILL,1,1,3.0
229,GA,BIBB,3,3,3.3333333333333335
230,GA,BULLOCH,1,1,2.0
231,GA,CAMDEN,1,1,3.0
232,GA,CARROLL,2,2,2.5
233,GA,CHATHAM,3,3,1.6666666666666667
234,GA,CHATTOOGA,1,1,5.0
235,GA,CHEROKEE,1,1,2.0
236,GA,CLARKE,2,2,3.5
237,GA,CLAYTON,1,1,1.0
238,GA,COBB,2,2,3.0
239,GA,COFFEE,1,1,3.0
240,GA,COLQUITT,2,1,2.0
241,GA,COOK,1,1,3.0
242,GA,COWETA,2,2,3.5
243,GA,CRISP,1,1,2.0
244,GA,DECATUR,1,1,3.0
245,GA,DEKALB,4,3,2.3333333333333335
246,GA,DODGE,1,1,4.0
247,GA,DOUGHERTY,1,1,2.0
248,GA,DOUGLAS,1,1,4.0
249,GA,ELBERT,1,1,3.0
250,GA,EMANUEL,1,1,4.0
251,GA,EVANS,1,1,4.0
252,GA,FANNIN,1,1,3.0
253,GA,FAYETTE,1,1,2.0
254,GA,FLOYD,2,2,4.0
255,GA,FORSYTH,1,1,2.0
256,GA,FRANKLIN,1,1,3.0
257,GA,FULTON,8,7,2.4285714285714284
258,GA,GLYNN,1,1,2.0
259,GA,GORDON,1,1,5.0
260,GA,GRADY,1,1,4.0
261,GA,GWINNETT,2,2,3.0
262,GA,HABERSHAM,1,1,2.0
263,GA,HALL,1,1,3.0
264,GA,HENRY,1,1,1.0
265,GA,HOUSTON,2,2,4.0
266,GA,IRWIN,1,1,3.0
267,GA,JACKSON,1,1,3.0
268,GA,JEFFERSON,1,1,3.0
269,GA,LAURENS,1,1,4.0
270,GA,LOWNDES,1,1,3.0
271,GA,LUMPKIN,1,1,3.0
272,GA,MCDUFFIE,1,1,4.0
273,GA,MURRAY,1,1,3.0
274,GA,MUSCOGEE,3,3,4.0
275,GA,NEWTON,1,1,2.0
276,GA,PAULDING,1,1,4.0
277,GA,PICKENS,1,1,3.0
278,GA,PULASKI,1,1,3.0
279,GA,RICHMOND,4,4,2.75
280,GA,ROCKDALE,1,1,2.0
281,GA,SEMINOLE,1,1,3.0
282,GA,SPALDING,1,1,2.0
283,GA,STEPHENS,1,1,4.0
284,GA,SUMTER,1,1,2.0
285,GA,THOMAS,1,1,4.0
286,GA,TIFT,1,1,2.0
287,GA,TOOMBS,1,1,3.0
288,GA,TROUP,1,1,4.0
289,GA,UNION,1,1,5.0
290,GA,UPSON,1,1,2.0
291,GA,WALTON,1,1,2.0
292,GA,WARE,1,1,1.0
293,GA,WASHINGTON,1,1,3.0
294,GA,WAYNE,1,1,3.0
295,GA,WHITFIELD,1,1,4.0
296,HI,HAWAII,6,3,3.3333333333333335
297,HI,HONOLULU,10,7,4.142857142857143
298,HI,KAUAI,3,1,4.0
299,HI,MAUI,4,1,3.0
300,IA,BLACK HAWK,3,3,3.0
301,IA,CARROLL,2,1,4.0
302,IA,CERRO GORDO,1,1,4.0
303,IA,CLAY,1,1,4.0
304,IA,CLINTON,2,1,4.0
305,IA,DES MOINES,1,1,3.0
306,IA,DICKINSON,1,1,4.0
307,IA,DUBUQUE,3,2,4.0
308,IA,JASPER,1,1,3.0
309,IA,JOHNSON,2,2,4.0
310,IA,LEE,2,2,3.0
311,IA,LINN,2,2,4.0
312,IA,MARSHALL,1,1,3.0
313,IA,MUSCATINE,1,1,4.0
314,IA,POLK,4,4,3.0
315,IA,POTTAWATTAMIE,2,2,3.0
316,IA,POWESHIEK,1,1,3.0
317,IA,SCOTT,2,2,3.0
318,IA,STORY,2,1,5.0
319,IA,WAPELLO,1,1,3.0
320,IA,WEBSTER,1,1,4.0
321,IA,WOODBURY,2,2,1.0
322,ID,ADA,4,2,4.0
323,ID,BANNOCK,1,1,4.0
324,ID,BONNEVILLE,2,2,4.5
325,ID,CANYON,2,2,3.5
326,ID,KOOTENAI,2,2,4.5
327,ID,MADISON,1,1,5.0
328,ID,NEZ PERCE,1,1,4.0
329,ID,TWIN FALLS,1,1,4.0
330,IL,ADAMS,1,1,3.0
331,IL,BOND,1,1,3.0
332,IL,BUREAU,2,1,4.0
333,IL,CHAMPAIGN,2,2,3.0
334,IL,CLINTON,1,1,5.0
335,IL,COLES,1,1,4.0
336,IL,COOK,49,45,2.6666666666666665
337,IL,DEKALB,2,1,3.0
338,IL,DUPAGE,6,6,4.0
339,IL,EFFINGHAM,1,1,4.0
340,IL,FULTON,1,1,3.0
341,IL,GRUNDY,1,1,3.0
342,IL,IROQUOIS,1,1,2.0
343,IL,JACKSON,2,1,2.0
344,IL,JEFFERSON,2,2,3.0
345,IL,JERSEY,1,1,4.0
346,IL,KANE,5,5,4.4
347,IL,KANKAKEE,2,2,3.5
348,IL,KNOX,2,2,3.0
349,IL,LA SALLE,3,2,3.0
350,IL,LAKE,6,5,4.0
351,IL,LEE,1,1,4.0
352,IL,LIVINGSTON,1,1,4.0
353,IL,MACON,2,2,4.0
354,IL,MADISON,5,4,2.5
355,IL,MARION,2,1,5.0
356,IL,MCDONOUGH,1,1,3.0
357,IL,MCHENRY,3,2,4.5
358,IL,MCLEAN,2,2,4.5
359,IL,MORGAN,1,1,3.0
360,IL,PEORIA,3,3,2.6666666666666665
361,IL,RICHLAND,1,1,3.0
362,IL,ROCK ISLAND,2,2,2.5
363,IL,SAINT CLAIR,4,3,2.6666666666666665
364,IL,SALINE,2,1,2.0
365,IL,SANGAMON,2,2,2.5
366,IL,SHELBY,1,1,4.0
367,IL,STEPHENSON,1,1,3.0
368,IL,TAZEWELL,2,1,2.0
369,IL,VERMILION,2,1,4.0
370,IL,WHITESIDE,2,1,4.0
371,IL,WILL,3,3,3.0
372,IL,WILLIAMSON,2,2,2.5
373,IL,WINNEBAGO,3,3,2.3333333333333335
374,IN,ALLEN,6,4,2.75
375,IN,BARTHOLOMEW,1,1,4.0
376,IN,BOONE,1,1,4.0
377,IN,CASS,1,1,4.0
378,IN,CLARK,2,2,2.0
379,IN,DAVIESS,1,1,4.0
380,IN,DE KALB,1,1,3.0
381,IN,DEARBORN,1,1,3.0
382,IN,DELAWARE,1,1,4.0
383,IN,DUBOIS,1,1,5.0
384,IN,ELKHART,2,2,3.0
385,IN,FAYETTE,1,1,3.0
386,IN,FLOYD,2,2,3.5
387,IN,GRANT,1,1,3.0
388,IN,HAMILTON,6,6,4.5
389,IN,HANCOCK,1,1,3.0
390,IN,HENDRICKS,2,2,5.0
391,IN,HENRY,1,1,5.0
392,IN,HOWARD,2,2,3.5
393,IN,HUNTINGTON,1,1,4.0
394,IN,JACKSON,1,1,5.0
395,IN,JEFFERSON,1,1,4.0
396,IN,JOHNSON,1,1,4.0
397,IN,KNOX,1,1,4.0
398,IN,KOSCIUSKO,1,1,3.0
399,IN,LA PORTE,2,2,3.0
400,IN,LAKE,9,9,3.5555555555555554
401,IN,MADISON,3,2,3.0
402,IN,MARION,9,7,3.4285714285714284
403,IN,MARSHALL,2,1,4.0
404,IN,MONROE,2,2,4.0
405,IN,MONTGOMERY,1,1,4.0
406,IN,MORGAN,1,1,5.0
407,IN,NOBLE,1,1,4.0
408,IN,PORTER,1,1,4.0
409,IN,SHELBY,1,1,4.0
410,IN,ST JOSEPH,3,2,4.0
411,IN,STARKE,1,1,4.0
412,IN,TIPPECANOE,2,2,4.0
413,IN,VANDERBURGH,2,2,2.5
414,IN,VIGO,2,2,2.0
415,IN,WARRICK,3,2,4.5
416,IN,WAYNE,1,1,4.0
417,IN,WELLS,1,1,4.0
418,IN,WHITLEY,1,1,4.0
419,KS,BARTON,3,1,4.0
420,KS,BOURBON,1,1,3.0
421,KS,BUTLER,2,2,4.0
422,KS,CHEROKEE,2,1,5.0
423,KS,COWLEY,2,1,3.0
424,KS,CRAWFORD,2,1,2.0
425,KS,DOUGLAS,1,1,3.0
426,KS,ELLIS,1,1,4.0
427,KS,FINNEY,1,1,2.0
428,KS,FORD,1,1,4.0
429,KS,FRANKLIN,1,1,4.0
430,KS,GEARY,1,1,3.0
431,KS,GRANT,1,1,3.0
432,KS,HARVEY,1,1,4.0
433,KS,JOHNSON,10,5,3.6
434,KS,LABETTE,2,1,5.0
435,KS,LEAVENWORTH,2,2,4.0
436,KS,MCPHERSON,3,2,4.0
437,KS,MIAMI,1,1,4.0
438,KS,MONTGOMERY,1,1,3.0
439,KS,MORTON,1,1,3.0
440,KS,PRATT,1,1,4.0
441,KS,RENO,2,1,2.0
442,KS,RILEY,2,2,4.0
443,KS,SALINE,2,2,4.0
444,KS,SEDGWICK,6,4,4.0
445,KS,SEWARD,1,1,4.0
446,KS,SHAWNEE,2,2,2.5
447,KS,SUMNER,2,1,3.0
448,KS,WYANDOTTE,2,2,4.5
449,KY,ADAIR,1,1,3.0
450,KY,BARREN,1,1,2.0
451,KY,BELL,2,2,2.5
452,KY,BOONE,1,1,2.0
453,KY,BOURBON,1,1,3.0
454,KY,BOYD,2,2,2.0
455,KY,BOYLE,1,1,3.0
456,KY,BREATHITT,1,1,2.0
457,KY,CALLOWAY,1,1,3.0
458,KY,CAMPBELL,1,1,3.0
459,KY,CHRISTIAN,1,1,2.0
460,KY,CLARK,1,1,3.0
461,KY,CLAY,1,1,4.0
462,KY,CLINTON,1,1,2.0
463,KY,CRITTENDEN,1,1,3.0
464,KY,DAVIESS,1,1,4.0
465,KY,FAYETTE,4,4,3.0
466,KY,FLEMING,1,1,3.0
467,KY,FLOYD,3,1,1.0
468,KY,FRANKLIN,1,1,4.0
469,KY,GRAVES,1,1,3.0
470,KY,GRAYSON,1,1,4.0
471,KY,HARDIN,1,1,3.0
472,KY,HARLAN,1,1,1.0
473,KY,HARRISON,1,1,3.0
474,KY,HENDERSON,1,1,3.0
475,KY,HOPKINS,1,1,2.0
476,KY,JEFFERSON,4,4,1.75
477,KY,JOHNSON,1,1,4.0
478,KY,KENTON,1,1,4.0
479,KY,KNOX,2,1,2.0
480,KY,LAUREL,1,1,3.0
481,KY,LAWRENCE,1,1,4.0
482,KY,LETCHER,1,1,3.0
483,KY,LOGAN,1,1,4.0
484,KY,MADISON,2,1,3.0
485,KY,MARION,1,1,3.0
486,KY,MASON,1,1,4.0
487,KY,MCCRACKEN,2,2,2.5
488,KY,MONROE,1,1,4.0
489,KY,MONTGOMERY,1,1,3.0
490,KY,MUHLENBERG,1,1,3.0
491,KY,NELSON,1,1,3.0
492,KY,OLDHAM,1,1,4.0
493,KY,PERRY,1,1,2.0
494,KY,PIKE,2,2,1.5
495,KY,PULASKI,1,1,2.0
496,KY,ROCKCASTLE,1,1,4.0
497,KY,ROWAN,1,1,3.0
498,KY,SCOTT,1,1,4.0
499,KY,SHELBY,1,1,3.0
500,KY,TAYLOR,1,1,2.0
501,KY,WARREN,2,2,1.5
502,LA,ACADIA,2,1,2.0
503,LA,ALLEN,2,1,3.0
504,LA,ASCENSION,2,1,4.0
505,LA,AVOYELLES,2,1,3.0
506,LA,BEAUREGARD,1,1,4.0
507,LA,BOSSIER,1,1,4.0
508,LA,CADDO,6,3,3.3333333333333335
509,LA,CALCASIEU,5,4,3.25
510,LA,CALDWELL,2,2,4.0
511,LA,CLAIBORNE,1,1,4.0
512,LA,DE SOTO,1,1,3.0
513,LA,EAST BATON ROUGE,7,5,2.0
514,LA,EAST CARROLL,1,1,3.0
515,LA,EVANGELINE,2,2,4.5
516,LA,FRANKLIN,1,1,3.0
517,LA,IBERIA,1,1,2.0
518,LA,JEFFERSON,5,4,3.0
519,LA,JEFFERSON DAVIS,1,1,3.0
520,LA,LA SALLE,2,1,4.0
521,LA,LAFAYETTE,8,6,3.6666666666666665
522,LA,LAFOURCHE,3,1,3.0
523,LA,LINCOLN,1,1,1.0
524,LA,MOREHOUSE,1,1,3.0
525,LA,NATCHITOCHES,1,1,4.0
526,LA,ORLEANS,6,3,2.3333333333333335
527,LA,OUACHITA,5,3,3.0
528,LA,RAPIDES,3,3,3.3333333333333335
529,LA,RICHLAND,2,1,2.0
530,LA,SABINE,1,1,2.0
531,LA,SAINT BERNARD,1,1,2.0
532,LA,SAINT CHARLES,1,1,4.0
533,LA,SAINT LANDRY,1,1,3.0
534,LA,SAINT MARY,2,1,2.0
535,LA,SAINT TAMMANY,6,3,3.3333333333333335
536,LA,TANGIPAHOA,4,1,3.0
537,LA,TERREBONNE,3,2,4.0
538,LA,VERMILION,2,1,3.0
539,LA,VERNON,2,1,2.0
540,LA,WASHINGTON,2,1,3.0
541,LA,WEBSTER,2,2,3.5
542,LA,WEST CARROLL,1,1,3.0
543,LA,WINN,1,1,3.0
544,MA,BARNSTABLE,2,2,4.5
545,MA,BERKSHIRE,2,1,3.0
546,MA,BRISTOL,4,4,2.5
547,MA,ESSEX,5,5,3.8
548,MA,FRANKLIN,1,1,3.0
549,MA,HAMPDEN,6,5,3.6
550,MA,HAMPSHIRE,1,1,3.0
551,MA,MIDDLESEX,11,11,3.3636363636363638
552,MA,NANTUCKET,1,1,4.0
553,MA,NORFOLK,4,4,3.0
554,MA,PLYMOUTH,3,3,2.6666666666666665
555,MA,SUFFOLK,13,9,3.6666666666666665
556,MA,WORCESTER,9,6,2.8333333333333335
557,MD,ALLEGANY,1,1,2.0
558,MD,ANNE ARUNDEL,2,2,2.5
559,MD,BALTIMORE,5,4,4.0
560,MD,BALTIMORE CITY,14,11,2.727272727272727
561,MD,CALVERT,1,1,4.0
562,MD,CARROLL,1,1,3.0
563,MD,CECIL,1,1,3.0
564,MD,CHARLES,1,1,3.0
565,MD,FREDERICK,1,1,5.0
566,MD,GARRETT,1,1,4.0
567,MD,HARFORD,2,2,2.5
568,MD,HOWARD,1,1,3.0
569,MD,KENT,1,1,2.0
570,MD,MONTGOMERY,6,6,3.1666666666666665
571,MD,PRINCE GEORGES,5,5,1.8
572,MD,SAINT MARYS,1,1,3.0
573,MD,SOMERSET,1,1,3.0
574,MD,TALBOT,1,1,3.0
575,MD,WASHINGTON,1,1,4.0
576,MD,WICOMICO,1,1,5.0
577,MD,WORCESTER,1,1,3.0
578,ME,ANDROSCOGGIN,2,2,3.0
579,ME,AROOSTOOK,4,3,4.0
580,ME,CUMBERLAND,4,3,4.333333333333333
581,ME,FRANKLIN,1,1,3.0
582,ME,HANCOCK,3,1,5.0
583,ME,KENNEBEC,2,2,4.0
584,ME,KNOX,1,1,3.0
585,ME,PENOBSCOT,4,2,2.5
586,ME,YORK,2,2,3.0
587,MI,ALPENA,1,1,4.0
588,MI,BARRY,1,1,2.0
589,MI,BAY,1,1,3.0
590,MI,BERRIEN,2,2,4.0
591,MI,BRANCH,1,1,3.0
592,MI,CALHOUN,2,2,4.5
593,MI,CHIPPEWA,1,1,4.0
594,MI,CLARE,1,1,4.0
595,MI,CRAWFORD,1,1,4.0
596,MI,DICKINSON,1,1,4.0
597,MI,EMMET,1,1,5.0
598,MI,GENESEE,3,3,1.3333333333333333
599,MI,GRAND TRAVERSE,1,1,4.0
600,MI,GRATIOT,1,1,5.0
601,MI,HILLSDALE,1,1,3.0
602,MI,HOUGHTON,2,1,3.0
603,MI,HURON,3,1,4.0
604,MI,INGHAM,2,2,3.0
605,MI,IOSCO,1,1,4.0
606,MI,ISABELLA,1,1,3.0
607,MI,JACKSON,1,1,4.0
608,MI,KALAMAZOO,2,2,4.5
609,MI,KENT,3,3,4.0
610,MI,LAPEER,1,1,2.0
611,MI,LENAWEE,2,1,4.0
612,MI,LIVINGSTON,2,1,4.0
613,MI,MACOMB,4,3,2.0
614,MI,MANISTEE,1,1,4.0
615,MI,MARQUETTE,2,1,3.0
616,MI,MASON,1,1,4.0
617,MI,MECOSTA,1,1,4.0
618,MI,MIDLAND,1,1,3.0
619,MI,MONROE,1,1,2.0
620,MI,MONTCALM,4,2,4.5
621,MI,MUSKEGON,1,1,4.0
622,MI,OAKLAND,12,9,3.0
623,MI,OGEMAW,1,1,3.0
624,MI,OTSEGO,1,1,4.0
625,MI,OTTAWA,3,3,4.666666666666667
626,MI,SAGINAW,3,2,1.5
627,MI,SAINT CLAIR,3,3,3.3333333333333335
628,MI,SAINT JOSEPH,2,2,3.0
629,MI,SHIAWASSEE,1,1,2.0
630,MI,VAN BUREN,2,1,4.0
631,MI,WASHTENAW,4,3,4.0
632,MI,WAYNE,15,14,2.642857142857143
633,MI,WEXFORD,1,1,5.0
634,MN,ANOKA,1,1,4.0
635,MN,BECKER,1,1,4.0
636,MN,BELTRAMI,2,1,3.0
637,MN,BLUE EARTH,1,1,4.0
638,MN,CARVER,1,1,3.0
639,MN,CHISAGO,1,1,4.0
640,MN,CROW WING,2,1,4.0
641,MN,DAKOTA,3,3,4.0
642,MN,DOUGLAS,1,1,5.0
643,MN,FREEBORN,1,1,5.0
644,MN,GOODHUE,2,1,4.0
645,MN,HENNEPIN,10,7,3.4285714285714284
646,MN,ISANTI,1,1,4.0
647,MN,ITASCA,3,1,4.0
648,MN,KANDIYOHI,1,1,4.0
649,MN,MARTIN,1,1,3.0
650,MN,MCLEOD,2,1,4.0
651,MN,NOBLES,1,1,4.0
652,MN,OLMSTED,2,2,4.5
653,MN,OTTER TAIL,2,1,4.0
654,MN,RAMSEY,5,4,3.25
655,MN,RICE,1,1,4.0
656,MN,SAINT LOUIS,8,5,3.6
657,MN,SCOTT,2,1,3.0
658,MN,SHERBURNE,1,1,4.0
659,MN,STEARNS,4,1,5.0
660,MN,STEELE,1,1,4.0
661,MN,WASHINGTON,2,2,4.5
662,MN,WINONA,1,1,4.0
663,MN,WRIGHT,2,1,4.0
664,MO,ADAIR,1,1,3.0
665,MO,AUDRAIN,1,1,4.0
666,MO,BATES,1,1,3.0
667,MO,BOONE,2,2,4.0
668,MO,BUCHANAN,1,1,5.0
669,MO,BUTLER,2,2,2.0
670,MO,CALLAWAY,1,1,3.0
671,MO,CAMDEN,1,1,3.0
672,MO,CAPE GIRARDEAU,2,2,2.5
673,MO,CASS,2,1,4.0
674,MO,CLAY,3,2,3.0
675,MO,CLINTON,1,1,2.0
676,MO,COLE,2,2,4.0
677,MO,COOPER,1,1,3.0
678,MO,DUNKLIN,1,1,3.0
679,MO,FRANKLIN,1,1,5.0
680,MO,GREENE,2,2,3.5
681,MO,HENRY,1,1,4.0
682,MO,HOWELL,2,1,2.0
683,MO,JACKSON,10,9,3.0
684,MO,JASPER,3,2,2.5
685,MO,JEFFERSON,2,2,2.5
686,MO,JOHNSON,1,1,3.0
687,MO,LACLEDE,1,1,3.0
688,MO,MARION,1,1,2.0
689,MO,NEW MADRID,1,1,4.0
690,MO,NODAWAY,1,1,4.0
691,MO,PEMISCOT,1,1,1.0
692,MO,PETTIS,1,1,3.0
693,MO,PHELPS,1,1,3.0
694,MO,PLATTE,1,1,4.0
695,MO,POLK,1,1,2.0
696,MO,RANDOLPH,1,1,4.0
697,MO,RIPLEY,1,1,3.0
698,MO,SAINT CHARLES,4,4,2.5
699,MO,SAINT FRANCOIS,2,1,4.0
700,MO,SAINT LOUIS,10,9,3.3333333333333335
701,MO,SAINT LOUIS CITY,5,3,1.6666666666666667
702,MO,SALINE,2,1,3.0
703,MO,STODDARD,1,1,2.0
704,MO,TANEY,1,1,3.0
705,MO,TEXAS,1,1,3.0
706,MO,VERNON,1,1,4.0
707,MS,ADAMS,1,1,2.0
708,MS,ALCORN,1,1,2.0
709,MS,BOLIVAR,1,1,3.0
710,MS,CLAY,1,1,4.0
711,MS,COAHOMA,1,1,2.0
712,MS,DESOTO,2,2,2.5
713,MS,FORREST,2,2,2.0
714,MS,GEORGE,1,1,4.0
715,MS,GRENADA,1,1,2.0
716,MS,HANCOCK,1,1,4.0
717,MS,HARRISON,3,3,2.0
718,MS,HINDS,5,4,2.25
719,MS,JACKSON,1,1,1.0
720,MS,JONES,1,1,2.0
721,MS,LAFAYETTE,1,1,4.0
722,MS,LAUDERDALE,4,2,1.5
723,MS,LEE,1,1,2.0
724,MS,LEFLORE,1,1,1.0
725,MS,LINCOLN,1,1,3.0
726,MS,LOWNDES,1,1,2.0
727,MS,MADISON,1,1,2.0
728,MS,MARION,1,1,3.0
729,MS,MARSHALL,1,1,3.0
730,MS,MONROE,2,1,3.0
731,MS,NESHOBA,3,1,3.0
732,MS,OKTIBBEHA,1,1,3.0
733,MS,PANOLA,1,1,3.0
734,MS,PEARL RIVER,2,1,3.0
735,MS,PIKE,2,2,3.5
736,MS,PRENTISS,1,1,4.0
737,MS,RANKIN,4,2,3.0
738,MS,SIMPSON,2,1,3.0
739,MS,SUNFLOWER,2,1,3.0
740,MS,TATE,1,1,3.0
741,MS,TISHOMINGO,1,1,4.0
742,MS,UNION,1,1,4.0
743,MS,WARREN,1,1,1.0
744,MS,WASHINGTON,1,1,1.0
745,MS,WAYNE,1,1,3.0
746,MS,WEBSTER,1,1,2.0
747,MS,YALOBUSHA,1,1,4.0
748,MT,CASCADE,2,2,3.5
749,MT,FLATHEAD,3,2,4.5
750,MT,GALLATIN,2,1,4.0
751,MT,HILL,1,1,3.0
752,MT,LEWIS AND CLARK,1,1,4.0
753,MT,MISSOULA,2,2,4.0
754,MT,SILVER BOW,1,1,3.0
755,MT,YELLOWSTONE,2,2,4.0
756,NC,ALAMANCE,1,1,2.0
757,NC,BEAUFORT,1,1,4.0
758,NC,BRUNSWICK,2,1,3.0
759,NC,BUNCOMBE,1,1,5.0
760,NC,BURKE,1,1,2.0
761,NC,CABARRUS,1,1,3.0
762,NC,CALDWELL,1,1,3.0
763,NC,CARTERET,1,1,3.0
764,NC,CATAWBA,2,2,2.0
765,NC,CLEVELAND,2,2,4.0
766,NC,COLUMBUS,1,1,3.0
767,NC,CRAVEN,1,1,5.0
768,NC,CUMBERLAND,1,1,3.0
769,NC,DAVIDSON,2,2,2.5
770,NC,DUPLIN,1,1,3.0
771,NC,DURHAM,3,2,3.5
772,NC,EDGECOMBE,1,1,3.0
773,NC,FORSYTH,3,2,2.5
774,NC,GASTON,1,1,4.0
775,NC,GRANVILLE,1,1,2.0
776,NC,GUILFORD,2,2,3.5
777,NC,HALIFAX,2,1,3.0
778,NC,HARNETT,1,1,2.0
779,NC,HAYWOOD,1,1,3.0
780,NC,HENDERSON,2,2,4.5
781,NC,HERTFORD,1,1,2.0
782,NC,HOKE,1,1,4.0
783,NC,IREDELL,3,3,2.6666666666666665
784,NC,JACKSON,1,1,3.0
785,NC,JOHNSTON,1,1,4.0
786,NC,LEE,1,1,2.0
787,NC,LENOIR,1,1,1.0
788,NC,LINCOLN,1,1,4.0
789,NC,MARTIN,1,1,2.0
790,NC,MCDOWELL,1,1,5.0
791,NC,MECKLENBURG,6,6,3.8333333333333335
792,NC,MOORE,1,1,4.0
793,NC,NASH,1,1,1.0
794,NC,NEW HANOVER,2,1,2.0
795,NC,ONSLOW,1,1,2.0
796,NC,ORANGE,1,1,2.0
797,NC,PASQUOTANK,1,1,2.0
798,NC,PERSON,1,1,3.0
799,NC,PITT,1,1,3.0
800,NC,RANDOLPH,1,1,3.0
801,NC,RICHMOND,1,1,3.0
802,NC,ROBESON,1,1,1.0
803,NC,ROCKINGHAM,1,1,3.0
804,NC,ROWAN,1,1,2.0
805,NC,RUTHERFORD,1,1,3.0
806,NC,SAMPSON,1,1,2.0
807,NC,SCOTLAND,1,1,4.0
808,NC,STANLY,1,1,2.0
809,NC,SURRY,2,2,3.5
810,NC,UNION,1,1,2.0
811,NC,VANCE,1,1,2.0
812,NC,WAKE,4,4,3.5
813,NC,WATAUGA,1,1,4.0
814,NC,WAYNE,1,1,2.0
815,NC,WILKES,1,1,3.0
816,NC,WILSON,1,1,2.0
817,ND,BURLEIGH,2,2,3.5
818,ND,CASS,2,2,3.5
819,ND,GRAND FORKS,2,1,3.0
820,ND,WARD,2,1,2.0
821,NE,ADAMS,1,1,4.0
822,NE,BUFFALO,2,2,3.5
823,NE,DODGE,1,1,3.0
824,NE,DOUGLAS,10,5,2.8
825,NE,HALL,1,1,4.0
826,NE,LANCASTER,4,3,4.0
827,NE,LINCOLN,1,1,3.0
828,NE,MADISON,1,1,3.0
829,NE,PLATTE,1,1,4.0
830,NE,SARPY,2,2,3.0
831,NE,SCOTTS BLUFF,1,1,2.0
832,NH,BELKNAP,1,1,2.0
833,NH,CHESHIRE,1,1,4.0
834,NH,GRAFTON,5,1,4.0
835,NH,HILLSBOROUGH,5,4,4.5
836,NH,MERRIMACK,3,1,4.0
837,NH,ROCKINGHAM,3,3,3.3333333333333335
838,NH,STRAFFORD,2,2,4.5
839,NJ,ATLANTIC,2,2,4.0
840,NJ,BERGEN,6,6,3.3333333333333335
841,NJ,BURLINGTON,4,3,2.3333333333333335
842,NJ,CAMDEN,4,4,3.0
843,NJ,CAPE MAY,1,1,3.0
844,NJ,CUMBERLAND,1,1,2.0
845,NJ,ESSEX,7,7,2.2857142857142856
846,NJ,GLOUCESTER,1,1,2.0
847,NJ,HUDSON,6,6,1.6666666666666667
848,NJ,HUNTERDON,1,1,4.0
849,NJ,MERCER,4,4,2.25
850,NJ,MIDDLESEX,6,5,2.0
851,NJ,MONMOUTH,5,5,3.4
852,NJ,MORRIS,3,3,3.0
853,NJ,OCEAN,4,4,3.25
854,NJ,PASSAIC,2,2,1.5
855,NJ,SALEM,2,2,3.0
856,NJ,SOMERSET,1,1,3.0
857,NJ,SUSSEX,1,1,4.0
858,NJ,UNION,3,3,2.3333333333333335
859,NJ,WARREN,2,2,3.5
860,NM,BERNALILLO,5,5,3.0
861,NM,CHAVES,2,2,2.5
862,NM,CURRY,1,1,2.0
863,NM,DONA ANA,2,2,1.5
864,NM,EDDY,2,2,2.5
865,NM,GRANT,1,1,4.0
866,NM,LEA,2,1,2.0
867,NM,LOS ALAMOS,1,1,3.0
868,NM,MCKINLEY,4,2,2.0
869,NM,OTERO,2,1,3.0
870,NM,RIO ARRIBA,1,1,4.0
871,NM,ROOSEVELT,1,1,3.0
872,NM,SAN JUAN,2,2,2.5
873,NM,SAN MIGUEL,1,1,3.0
874,NM,SANDOVAL,1,1,3.0
875,NM,SANTA FE,2,1,3.0
876,NV,CARSON CITY,2,2,2.5
877,NV,CLARK,18,13,1.3076923076923077
878,NV,ELKO,1,1,3.0
879,NV,WASHOE,4,3,2.0
880,NY,ALBANY,3,3,2.6666666666666665
881,NY,ALLEGANY,2,1,2.0
882,NY,BRONX,6,6,1.1666666666666667
883,NY,BROOME,2,2,2.0
884,NY,CATTARAUGUS,1,1,2.0
885,NY,CAYUGA,1,1,1.0
886,NY,CHAUTAUQUA,4,3,2.0
887,NY,CHEMUNG,2,2,3.0
888,NY,CHENANGO,1,1,3.0
889,NY,CLINTON,1,1,3.0
890,NY,COLUMBIA,1,1,2.0
891,NY,CORTLAND,1,1,3.0
892,NY,DUTCHESS,2,2,2.0
893,NY,ERIE,6,6,2.3333333333333335
894,NY,FRANKLIN,2,2,3.0
895,NY,FULTON,1,1,4.0
896,NY,GENESEE,1,1,3.0
897,NY,JEFFERSON,3,1,2.0
898,NY,KINGS,12,12,1.1666666666666667
899,NY,LIVINGSTON,1,1,3.0
900,NY,MADISON,2,1,3.0
901,NY,MONROE,5,4,2.75
902,NY,MONTGOMERY,1,1,2.0
903,NY,NASSAU,9,9,2.111111111111111
904,NY,NEW YORK,12,10,2.7
905,NY,NIAGARA,3,3,2.3333333333333335
906,NY,ONEIDA,3,3,1.3333333333333333
907,NY,ONONDAGA,3,3,2.0
908,NY,ONTARIO,3,3,2.0
909,NY,ORANGE,4,4,2.75
910,NY,OSWEGO,1,1,3.0
911,NY,OTSEGO,2,2,2.5
912,NY,PUTNAM,1,1,3.0
913,NY,QUEENS,7,7,1.0
914,NY,RENSSELAER,3,2,2.0
915,NY,RICHMOND,2,2,1.0
916,NY,ROCKLAND,3,2,1.5
917,NY,SAINT LAWRENCE,5,3,2.6666666666666665
918,NY,SARATOGA,1,1,4.0
919,NY,SCHENECTADY,2,1,2.0
920,NY,SCHOHARIE,1,1,3.0
921,NY,STEUBEN,3,3,3.6666666666666665
922,NY,SUFFOLK,11,11,2.4545454545454546
923,NY,SULLIVAN,2,1,2.0
924,NY,TOMPKINS,1,1,2.0
925,NY,ULSTER,3,1,1.0
926,NY,WARREN,1,1,3.0
927,NY,WAYNE,1,1,2.0
928,NY,WESTCHESTER,11,10,2.2
929,NY,WYOMING,1,1,2.0
930,OH,ALLEN,4,2,3.5
931,OH,ASHLAND,1,1,4.0
932,OH,ASHTABULA,4,1,2.0
933,OH,ATHENS,1,1,4.0
934,OH,AUGLAIZE,1,1,5.0
935,OH,BELMONT,3,1,2.0
936,OH,BUTLER,4,4,3.5
937,OH,CLARK,2,2,4.0
938,OH,CLERMONT,1,1,4.0
939,OH,CLINTON,1,1,3.0
940,OH,COLUMBIANA,2,2,2.5
941,OH,COSHOCTON,1,1,3.0
942,OH,CUYAHOGA,17,15,4.333333333333333
943,OH,DARKE,1,1,3.0
944,OH,DEFIANCE,3,1,5.0
945,OH,DELAWARE,1,1,4.0
946,OH,ERIE,1,1,4.0
947,OH,FAIRFIELD,2,1,3.0
948,OH,FRANKLIN,10,8,3.875
949,OH,GALLIA,1,1,2.0
950,OH,GEAUGA,1,1,4.0
951,OH,GREENE,2,2,2.5
952,OH,GUERNSEY,1,1,3.0
953,OH,HAMILTON,10,8,4.375
954,OH,HANCOCK,1,1,4.0
955,OH,HOLMES,1,1,4.0
956,OH,HURON,2,1,4.0
957,OH,JEFFERSON,1,1,4.0
958,OH,KNOX,1,1,3.0
959,OH,LAKE,1,1,4.0
960,OH,LICKING,1,1,3.0
961,OH,LOGAN,1,1,3.0
962,OH,LORAIN,4,2,3.5
963,OH,LUCAS,8,8,3.5
964,OH,MADISON,1,1,4.0
965,OH,MAHONING,4,4,2.5
966,OH,MARION,1,1,3.0
967,OH,MEDINA,2,1,4.0
968,OH,MERCER,1,1,4.0
969,OH,MIAMI,1,1,3.0
970,OH,MONTGOMERY,7,5,3.4
971,OH,MUSKINGUM,1,1,4.0
972,OH,PICKAWAY,1,1,2.0
973,OH,PORTAGE,1,1,3.0
974,OH,RICHLAND,3,1,2.0
975,OH,ROSS,1,1,4.0
976,OH,SANDUSKY,2,2,4.0
977,OH,SCIOTO,2,2,3.0
978,OH,SENECA,2,1,5.0
979,OH,SHELBY,1,1,4.0
980,OH,STARK,4,4,3.75
981,OH,SUMMIT,6,3,2.3333333333333335
982,OH,TRUMBULL,2,2,3.0
983,OH,TUSCARAWAS,2,1,4.0
984,OH,UNION,1,1,4.0
985,OH,VAN WERT,1,1,3.0
986,OH,WARREN,1,1,3.0
987,OH,WASHINGTON,2,1,1.0
988,OH,WAYNE,2,1,4.0
989,OH,WILLIAMS,2,1,3.0
990,OH,WOOD,1,1,4.0
991,OK,ADAIR,1,1,4.0
992,OK,BECKHAM,1,1,2.0
993,OK,BRYAN,1,1,2.0
994,OK,CANADIAN,2,2,3.0
995,OK,CARTER,2,1,4.0
996,OK,CHEROKEE,2,2,3.5
997,OK,CHOCTAW,1,1,2.0
998,OK,CLEVELAND,3,2,4.0
999,OK,COMANCHE,3,2,1.5
1000,OK,CREEK,3,1,4.0
1001,OK,CUSTER,2,1,4.0
1002,OK,DELAWARE,1,1,4.0
1003,OK,GARFIELD,2,2,4.5
1004,OK,GARVIN,2,1,4.0
1005,OK,GRADY,1,1,4.0
1006,OK,JACKSON,1,1,3.0
1007,OK,KAY,2,2,3.0
1008,OK,KIOWA,1,1,2.0
1009,OK,LATIMER,2,1,4.0
1010,OK,MAYES,1,1,3.0
1011,OK,MCCLAIN,1,1,4.0
1012,OK,MCCURTAIN,1,1,2.0
1013,OK,MUSKOGEE,1,1,2.0
1014,OK,NOBLE,1,1,3.0
1015,OK,OKLAHOMA,18,12,3.4166666666666665
1016,OK,OKMULGEE,2,2,3.0
1017,OK,OSAGE,3,1,2.0
1018,OK,OTTAWA,1,1,3.0
1019,OK,PAYNE,2,2,4.5
1020,OK,PITTSBURG,1,1,2.0
1021,OK,PONTOTOC,2,2,3.0
1022,OK,POTTAWATOMIE,1,1,3.0
1023,OK,PUSHMATAHA,1,1,2.0
1024,OK,ROGERS,2,1,3.0
1025,OK,SEMINOLE,1,1,4.0
1026,OK,SEQUOYAH,1,1,4.0
1027,OK,STEPHENS,1,1,3.0
1028,OK,TULSA,12,10,3.5
1029,OK,WAGONER,1,1,3.0
1030,OK,WASHINGTON,1,1,2.0
1031,OK,WOODS,1,1,3.0
1032,OK,WOODWARD,1,1,3.0
1033,OR,BENTON,1,1,3.0
1034,OR,CLACKAMAS,3,3,3.6666666666666665
1035,OR,COOS,3,1,2.0
1036,OR,DESCHUTES,2,2,4.0
1037,OR,DOUGLAS,2,1,3.0
1038,OR,JACKSON,3,3,4.333333333333333
1039,OR,JOSEPHINE,1,1,5.0
1040,OR,KLAMATH,1,1,3.0
1041,OR,LANE,5,3,2.3333333333333335
1042,OR,LINN,2,1,3.0
1043,OR,MALHEUR,1,1,4.0
1044,OR,MARION,3,3,3.6666666666666665
1045,OR,MULTNOMAH,7,6,3.5
1046,OR,WASCO,1,1,3.0
1047,OR,WASHINGTON,4,4,4.25
1048,OR,YAMHILL,2,2,4.0
1049,PA,ADAMS,1,1,4.0
1050,PA,ALLEGHENY,18,15,3.0
1051,PA,ARMSTRONG,1,1,3.0
1052,PA,BEAVER,1,1,3.0
1053,PA,BEDFORD,1,1,4.0
1054,PA,BERKS,3,3,3.6666666666666665
1055,PA,BLAIR,3,2,2.5
1056,PA,BRADFORD,3,2,3.0
1057,PA,BUCKS,7,5,4.4
1058,PA,BUTLER,1,1,4.0
1059,PA,CAMBRIA,2,2,3.0
1060,PA,CARBON,2,1,3.0
1061,PA,CENTRE,1,1,4.0
1062,PA,CHESTER,5,5,3.4
1063,PA,CLARION,1,1,2.0
1064,PA,CLEARFIELD,2,2,3.0
1065,PA,CLINTON,2,1,4.0
1066,PA,COLUMBIA,2,2,3.0
1067,PA,CRAWFORD,2,1,3.0
1068,PA,CUMBERLAND,2,2,4.0
1069,PA,DAUPHIN,2,2,3.5
1070,PA,DELAWARE,5,5,2.8
1071,PA,ERIE,4,3,2.3333333333333335
1072,PA,FAYETTE,2,2,3.0
1073,PA,FRANKLIN,2,2,3.5
1074,PA,GREENE,1,1,3.0
1075,PA,HUNTINGDON,1,1,4.0
1076,PA,INDIANA,1,1,2.0
1077,PA,JEFFERSON,2,1,4.0
1078,PA,LACKAWANNA,3,3,1.6666666666666667
1079,PA,LANCASTER,4,4,3.25
1080,PA,LAWRENCE,2,2,3.0
1081,PA,LEBANON,1,1,3.0
1082,PA,LEHIGH,5,3,3.0
1083,PA,LUZERNE,3,3,2.0
1084,PA,LYCOMING,3,1,3.0
1085,PA,MCKEAN,2,2,3.5
1086,PA,MERCER,4,3,3.3333333333333335
1087,PA,MIFFLIN,1,1,3.0
1088,PA,MONROE,2,1,4.0
1089,PA,MONTGOMERY,10,7,3.0
1090,PA,MONTOUR,1,1,2.0
1091,PA,NORTHAMPTON,3,3,3.6666666666666665
1092,PA,NORTHUMBERLAND,1,1,3.0
1093,PA,PHILADELPHIA,17,13,2.4615384615384617
1094,PA,SCHUYLKILL,3,3,2.6666666666666665
1095,PA,SOMERSET,3,2,3.5
1096,PA,UNION,1,1,4.0
1097,PA,VENANGO,1,1,4.0
1098,PA,WARREN,1,1,3.0
1099,PA,WASHINGTON,4,3,3.6666666666666665
1100,PA,WAYNE,1,1,2.0
1101,PA,WESTMORELAND,3,3,3.3333333333333335
1102,PA,WYOMING,1,1,4.0
1103,PA,YORK,5,3,3.0
1104,PR,BAYAMON,4,1,2.0
1105,PR,CAGUAS,2,1,2.0
1106,PR,PONCE,4,2,1.5
1107,PR,SAN JUAN,16,2,1.5
1108,RI,KENT,1,1,3.0
1109,RI,NEWPORT,1,1,4.0
1110,RI,PROVIDENCE,7,7,2.7142857142857144
1111,RI,WASHINGTON,2,2,4.5
1112,SC,AIKEN,1,1,2.0
1113,SC,ANDERSON,1,1,3.0
1114,SC,BEAUFORT,2,2,3.0
1115,SC,CHARLESTON,6,6,4.0
1116,SC,CHEROKEE,1,1,2.0
1117,SC,CHESTER,1,1,3.0
1118,SC,CHESTERFIELD,1,1,3.0
1119,SC,COLLETON,1,1,3.0
1120,SC,DARLINGTON,2,1,2.0
1121,SC,DILLON,1,1,4.0
1122,SC,FLORENCE,3,3,2.3333333333333335
1123,SC,GEORGETOWN,2,2,3.5
1124,SC,GREENVILLE,7,6,4.5
1125,SC,GREENWOOD,1,1,3.0
1126,SC,HAMPTON,1,1,3.0
1127,SC,HORRY,3,3,2.3333333333333335
1128,SC,JASPER,1,1,2.0
1129,SC,KERSHAW,1,1,4.0
1130,SC,LANCASTER,1,1,1.0
1131,SC,LAURENS,1,1,2.0
1132,SC,LEXINGTON,2,2,4.5
1133,SC,MARION,1,1,2.0
1134,SC,NEWBERRY,1,1,4.0
1135,SC,OCONEE,1,1,3.0
1136,SC,ORANGEBURG,1,1,2.0
1137,SC,PICKENS,2,2,3.5
1138,SC,RICHLAND,3,3,3.0
1139,SC,SPARTANBURG,2,2,2.0
1140,SC,SUMTER,1,1,3.0
1141,SC,YORK,1,1,1.0
1142,SD,BROOKINGS,1,1,4.0
1143,SD,BROWN,2,2,4.0
1144,SD,CODINGTON,1,1,4.0
1145,SD,DAVISON,1,1,5.0
1146,SD,HUGHES,1,1,4.0
1147,SD,LAWRENCE,2,1,4.0
1148,SD,MINNEHAHA,6,4,4.25
1149,SD,PENNINGTON,4,1,4.0
1150,SD,UNION,1,1,4.0
1151,SD,YANKTON,1,1,4.0
1152,TN,ANDERSON,1,1,3.0
1153,TN,BEDFORD,1,1,2.0
1154,TN,BLOUNT,1,1,3.0
1155,TN,BRADLEY,1,1,1.0
1156,TN,CAMPBELL,2,2,1.5
1157,TN,CANNON,1,1,3.0
1158,TN,CARROLL,2,2,3.5
1159,TN,CARTER,1,1,3.0
1160,TN,CLAIBORNE,1,1,2.0
1161,TN,COCKE,1,1,3.0
1162,TN,COFFEE,2,2,2.5
1163,TN,CUMBERLAND,1,1,3.0
1164,TN,DAVIDSON,9,8,2.625
1165,TN,DECATUR,1,1,2.0
1166,TN,DEKALB,1,1,3.0
1167,TN,DICKSON,1,1,4.0
1168,TN,DYER,1,1,1.0
1169,TN,FENTRESS,1,1,4.0
1170,TN,FRANKLIN,1,1,3.0
1171,TN,GIBSON,1,1,4.0
1172,TN,GILES,1,1,3.0
1173,TN,GREENE,2,2,2.5
1174,TN,HAMBLEN,2,2,2.5
1175,TN,HAMILTON,3,3,2.3333333333333335
1176,TN,HARDEMAN,1,1,3.0
1177,TN,HARDIN,1,1,3.0
1178,TN,HAWKINS,1,1,4.0
1179,TN,HENDERSON,1,1,4.0
1180,TN,HENRY,1,1,4.0
1181,TN,HOUSTON,1,1,4.0
1182,TN,JEFFERSON,1,1,3.0
1183,TN,KNOX,5,4,2.25
1184,TN,LAWRENCE,1,1,4.0
1185,TN,LINCOLN,1,1,3.0
1186,TN,LOUDON,1,1,4.0
1187,TN,MADISON,2,2,2.0
1188,TN,MAURY,1,1,3.0
1189,TN,MCMINN,1,1,3.0
1190,TN,MONROE,1,1,3.0
1191,TN,MONTGOMERY,1,1,1.0
1192,TN,OBION,1,1,3.0
1193,TN,OVERTON,1,1,2.0
1194,TN,PERRY,1,1,2.0
1195,TN,PUTNAM,1,1,3.0
1196,TN,ROANE,1,1,3.0
1197,TN,ROBERTSON,1,1,3.0
1198,TN,RUTHERFORD,3,2,2.5
1199,TN,SEVIER,1,1,2.0
1200,TN,SHELBY,7,6,2.0
1201,TN,SULLIVAN,3,3,2.3333333333333335
1202,TN,SUMNER,2,2,2.5
1203,TN,TIPTON,1,1,4.0
1204,TN,UNICOI,1,1,3.0
1205,TN,WARREN,1,1,4.0
1206,TN,WASHINGTON,2,2,3.5
1207,TN,WAYNE,1,1,3.0
1208,TN,WEAKLEY,1,1,3.0
1209,TN,WHITE,1,1,3.0
1210,TN,WILLIAMSON,1,1,4.0
1211,TN,WILSON,1,1,2.0
1212,TX,ANDERSON,1,1,3.0
1213,TX,ANDREWS,1,1,3.0
1214,TX,ANGELINA,2,2,4.0
1215,TX,ATASCOSA,1,1,3.0
1216,TX,AUSTIN,1,1,3.0
1217,TX,BASTROP,1,1,4.0
1218,TX,BAYLOR,1,1,4.0
1219,TX,BEE,1,1,3.0
1220,TX,BELL,3,3,3.0
1221,TX,BEXAR,13,8,3.375
1222,TX,BOWIE,2,2,4.0
1223,TX,BRAZORIA,3,2,3.0
1224,TX,BRAZOS,4,3,4.0
1225,TX,BROWN,1,1,2.0
1226,TX,BURNET,2,1,4.0
1227,TX,CAMERON,4,4,3.75
1228,TX,CHEROKEE,2,1,4.0
1229,TX,CHILDRESS,1,1,4.0
1230,TX,COLLIN,13,10,3.4
1231,TX,COLORADO,3,1,3.0
1232,TX,COMAL,1,1,3.0
1233,TX,COOKE,2,1,3.0
1234,TX,DALLAS,29,20,3.15
1235,TX,DE WITT,2,1,4.0
1236,TX,DEAF SMITH,1,1,4.0
1237,TX,DENTON,9,6,3.8333333333333335
1238,TX,EASTLAND,1,1,4.0
1239,TX,ECTOR,2,2,2.0
1240,TX,EL PASO,9,6,2.1666666666666665
1241,TX,ELLIS,2,2,4.5
1242,TX,ERATH,1,1,3.0
1243,TX,FALLS,1,1,4.0
1244,TX,FAYETTE,1,1,4.0
1245,TX,FORT BEND,6,5,3.4
1246,TX,FREESTONE,1,1,3.0
1247,TX,GALVESTON,2,1,2.0
1248,TX,GILLESPIE,1,1,5.0
1249,TX,GONZALES,1,1,3.0
1250,TX,GRAY,1,1,4.0
1251,TX,GRAYSON,3,3,3.0
1252,TX,GREGG,3,2,3.0
1253,TX,GUADALUPE,1,1,3.0
1254,TX,HALE,1,1,4.0
1255,TX,HAMILTON,1,1,5.0
1256,TX,HARRIS,42,29,3.2758620689655173
1257,TX,HARRISON,1,1,4.0
1258,TX,HAYS,2,2,2.5
1259,TX,HENDERSON,1,1,3.0
1260,TX,HIDALGO,6,6,3.6666666666666665
1261,TX,HILL,1,1,3.0
1262,TX,HOCKLEY,1,1,4.0
1263,TX,HOOD,1,1,3.0
1264,TX,HOPKINS,1,1,3.0
1265,TX,HOWARD,1,1,2.0
1266,TX,HUNT,1,1,2.0
1267,TX,JASPER,1,1,4.0
1268,TX,JEFFERSON,3,3,1.6666666666666667
1269,TX,JIM WELLS,1,1,4.0
1270,TX,JOHNSON,3,2,4.0
1271,TX,JONES,3,1,3.0
1272,TX,KAUFMAN,1,1,3.0
1273,TX,KERR,1,1,4.0
1274,TX,KLEBERG,1,1,2.0
1275,TX,LAMAR,1,1,2.0
1276,TX,LIMESTONE,2,1,4.0
1277,TX,LLANO,1,1,3.0
1278,TX,LUBBOCK,5,4,3.5
1279,TX,MATAGORDA,2,1,4.0
1280,TX,MAVERICK,1,1,4.0
1281,TX,MCLENNAN,2,2,2.5
1282,TX,MIDLAND,1,1,3.0
1283,TX,MONTAGUE,1,1,3.0
1284,TX,MONTGOMERY,6,3,2.3333333333333335
1285,TX,NACOGDOCHES,2,2,3.0
1286,TX,NAVARRO,1,1,2.0
1287,TX,NOLAN,1,1,4.0
1288,TX,NUECES,4,3,3.6666666666666665
1289,TX,PALO PINTO,1,1,2.0
1290,TX,PANOLA,1,1,3.0
1291,TX,PARKER,1,1,4.0
1292,TX,POLK,1,1,3.0
1293,TX,POTTER,3,2,3.0
1294,TX,ROCKWALL,2,1,3.0
1295,TX,RUSK,1,1,3.0
1296,TX,SAN PATRICIO,1,1,4.0
1297,TX,SMITH,4,4,4.5
1298,TX,SOMERVELL,1,1,5.0
1299,TX,STARR,1,1,2.0
1300,TX,STEPHENS,1,1,3.0
1301,TX,TARRANT,24,16,3.5
1302,TX,TAYLOR,2,2,3.5
1303,TX,TERRY,1,1,3.0
1304,TX,TITUS,1,1,3.0
1305,TX,TOM GREEN,2,2,4.0
1306,TX,TRAVIS,11,8,3.75
1307,TX,TYLER,1,1,4.0
1308,TX,VAL VERDE,1,1,3.0
1309,TX,VICTORIA,2,2,3.5
1310,TX,WALKER,1,1,1.0
1311,TX,WASHINGTON,1,1,4.0
1312,TX,WEBB,2,2,3.0
1313,TX,WHARTON,1,1,3.0
1314,TX,WICHITA,3,2,3.5
1315,TX,WILBARGER,1,1,3.0
1316,TX,WILLIAMSON,6,4,3.75
1317,TX,WILSON,1,1,4.0
1318,TX,WISE,1,1,2.0
1319,TX,YOUNG,2,1,3.0
1320,UT,BOX ELDER,2,1,4.0
1321,UT,CACHE,2,1,3.0
1322,UT,CARBON,1,1,4.0
1323,UT,DAVIS,2,2,3.0
1324,UT,DUCHESNE,1,1,4.0
1325,UT,IRON,1,1,4.0
1326,UT,SALT LAKE,12,9,4.0
1327,UT,SEVIER,1,1,4.0
1328,UT,SUMMIT,1,1,4.0
1329,UT,TOOELE,1,1,4.0
1330,UT,UINTAH,1,1,3.0
1331,UT,UTAH,5,4,4.25
1332,UT,WASHINGTON,1,1,4.0
1333,UT,WEBER,2,2,3.5
1334,VA,ACCOMACK,1,1,4.0
1335,VA,ALBEMARLE,1,1,5.0
1336,VA,ALEXANDRIA CITY,1,1,3.0
1337,VA,ALLEGHANY,1,1,3.0
1338,VA,ARLINGTON,2,1,4.0
1339,VA,AUGUSTA,1,1,4.0
1340,VA,BEDFORD,1,1,4.0
1341,VA,BUCHANAN,1,1,3.0
1342,VA,CHARLOTTESVILLE CITY,1,1,2.0
1343,VA,CHESAPEAKE CITY,1,1,2.0
1344,VA,CHESTERFIELD,2,2,3.0
1345,VA,CULPEPER,1,1,2.0
1346,VA,DANVILLE CITY,1,1,1.0
1347,VA,EMPORIA CITY,1,1,2.0
1348,VA,ESSEX,1,1,4.0
1349,VA,FAIRFAX,4,4,4.5
1350,VA,FAUQUIER,1,1,2.0
1351,VA,FRANKLIN,1,1,4.0
1352,VA,FRANKLIN CITY,1,1,2.0
1353,VA,FREDERICKSBURG CITY,1,1,2.0
1354,VA,GALAX CITY,1,1,2.0
1355,VA,GLOUCESTER,1,1,4.0
1356,VA,HALIFAX,1,1,4.0
1357,VA,HAMPTON CITY,1,1,3.0
1358,VA,HANOVER,1,1,4.0
1359,VA,HARRISONBURG CITY,1,1,4.0
1360,VA,HENRICO,2,2,4.5
1361,VA,HOPEWELL CITY,1,1,2.0
1362,VA,JAMES CITY,2,2,4.5
1363,VA,LOUDOUN,2,1,4.0
1364,VA,LYNCHBURG CITY,1,1,5.0
1365,VA,MANASSAS CITY,1,1,2.0
1366,VA,MARTINSVILLE CITY,1,1,1.0
1367,VA,MECKLENBURG,1,1,2.0
1368,VA,MONTGOMERY,2,2,2.5
1369,VA,NEWPORT NEWS CITY,2,2,3.5
1370,VA,NORFOLK CITY,4,3,4.0
1371,VA,NORTON CITY,1,1,3.0
1372,VA,PETERSBURG CITY,2,1,2.0
1373,VA,PORTSMOUTH CITY,1,1,2.0
1374,VA,PRINCE EDWARD,1,1,4.0
1375,VA,PRINCE WILLIAM,2,2,2.5
1376,VA,PULASKI,1,1,2.0
1377,VA,RICHMOND CITY,3,2,3.0
1378,VA,ROANOKE CITY,1,1,2.0
1379,VA,RUSSELL,1,1,3.0
1380,VA,SALEM,1,1,4.0
1381,VA,SMYTH,1,1,3.0
1382,VA,SPOTSYLVANIA,1,1,3.0
1383,VA,STAFFORD,1,1,3.0
1384,VA,SUFFOLK CITY,1,1,4.0
1385,VA,TAZEWELL,2,2,3.5
1386,VA,VIRGINIA BEACH CITY,2,2,3.5
1387,VA,WARREN,1,1,4.0
1388,VA,WASHINGTON,1,1,1.0
1389,VA,WINCHESTER CITY,1,1,3.0
1390,VA,WISE,1,1,2.0
1391,VA,WYTHE,1,1,3.0
1392,VT,BENNINGTON,1,1,5.0
1393,VT,CHITTENDEN,1,1,2.0
1394,VT,FRANKLIN,1,1,3.0
1395,VT,RUTLAND,1,1,4.0
1396,VT,WASHINGTON,1,1,4.0
1397,VT,WINDHAM,2,1,4.0
1398,WA,BENTON,3,2,4.0
1399,WA,CHELAN,4,2,3.5
1400,WA,CLALLAM,2,1,3.0
1401,WA,CLARK,2,2,2.5
1402,WA,COWLITZ,1,1,3.0
1403,WA,GRANT,4,1,3.0
1404,WA,GRAYS HARBOR,2,1,1.0
1405,WA,KING,17,13,3.8461538461538463
1406,WA,KITSAP,1,1,2.0
1407,WA,LEWIS,2,1,4.0
1408,WA,PIERCE,6,5,2.8
1409,WA,SKAGIT,3,2,2.5
1410,WA,SNOHOMISH,4,4,2.25
1411,WA,SPOKANE,5,4,3.75
1412,WA,THURSTON,2,2,4.0
1413,WA,WALLA WALLA,1,1,5.0
1414,WA,WHATCOM,1,1,4.0
1415,WA,YAKIMA,4,3,3.3333333333333335
1416,WI,BARRON,3,1,5.0
1417,WI,BROWN,4,4,3.25
1418,WI,CHIPPEWA,3,1,5.0
1419,WI,COLUMBIA,2,1,2.0
1420,WI,DANE,4,3,5.0
1421,WI,DODGE,3,2,4.0
1422,WI,EAU CLAIRE,3,3,4.666666666666667
1423,WI,FOND DU LAC,2,1,3.0
1424,WI,GREEN,1,1,5.0
1425,WI,JEFFERSON,1,1,5.0
1426,WI,JUNEAU,1,1,3.0
1427,WI,KENOSHA,2,2,4.5
1428,WI,LA CROSSE,2,2,4.5
1429,WI,MANITOWOC,2,2,5.0
1430,WI,MARATHON,2,2,4.0
1431,WI,MARINETTE,1,1,4.0
1432,WI,MILWAUKEE,10,7,4.0
1433,WI,ONEIDA,2,2,4.0
1434,WI,OUTAGAMIE,3,2,3.5
1435,WI,OZAUKEE,3,2,5.0
1436,WI,PORTAGE,1,1,5.0
1437,WI,RACINE,2,2,3.0
1438,WI,ROCK,4,3,3.0
1439,WI,SAUK,3,2,4.5
1440,WI,SHEBOYGAN,2,2,4.5
1441,WI,WALWORTH,2,1,5.0
1442,WI,WASHINGTON,2,2,3.5
1443,WI,WAUKESHA,4,4,4.0
1444,WI,WINNEBAGO,4,3,4.333333333333333
1445,WI,WOOD,2,2,3.5
1446,WV,BERKELEY,1,1,3.0
1447,WV,CABELL,2,2,3.0
1448,WV,GREENBRIER,1,1,4.0
1449,WV,HANCOCK,1,1,3.0
1450,WV,HARRISON,1,1,4.0
1451,WV,KANAWHA,4,3,3.0
1452,WV,LEWIS,1,1,3.0
1453,WV,LOGAN,1,1,2.0
1454,WV,MARION,1,1,2.0
1455,WV,MARSHALL,1,1,3.0
1456,WV,MASON,1,1,3.0
1457,WV,MCDOWELL,1,1,4.0
1458,WV,MERCER,2,2,2.0
1459,WV,MINGO,1,1,3.0
1460,WV,MONONGALIA,2,2,2.5
1461,WV,NICHOLAS,1,1,2.0
1462,WV,OHIO,2,2,2.0
1463,WV,RALEIGH,2,2,2.5
1464,WV,RANDOLPH,1,1,2.0
1465,WV,WETZEL,1,1,4.0
1466,WV,WOOD,1,1,1.0
1467,WY,ALBANY,1,1,4.0
1468,WY,CAMPBELL,1,1,3.0
1469,WY,FREMONT,1,1,2.0
1470,WY,LARAMIE,1,1,2.0
1471,WY,NATRONA,3,1,3.0
1472,WY,SHERIDAN,1,1,3.0
1473,WY,SWEETWATER,2,1,3.0
1474,WY,TETON,1,1,5.0
1475,WY,UINTA,1,1,3.0
